Learning_Category,Concept,Description,Evidence_From_Figures,Key_Takeaway,Real_World_Application
Quantum Circuit Design,Gate Scheduling,"Proper arrangement of quantum gates to prevent conflicts","Circuit structure shows alternating CZ gates without overlaps","Quantum circuits require careful gate scheduling","Quantum algorithm development and optimization"
Quantum Information Theory,Information Scrambling,"How quantum information spreads and becomes non-local","OTOC decay shows exponential information scrambling","Quantum systems naturally scramble information","Quantum cryptography and information security"
Computational Complexity,Quantum Advantage,"Exponential speedup of quantum over classical algorithms","Quantum vs classical plot shows clear crossover point","Quantum computers offer exponential speedup for specific problems","Quantum computing applications in optimization and simulation"
Quantum Interference,Coherent Dynamics,"Quantum interference effects in many-body systems","Quantum echoes show oscillatory interference patterns","Quantum systems exhibit rich interference phenomena","Quantum sensing and metrology applications"
Molecular Quantum Effects,Quantum Chemistry,"Quantum effects in molecular systems and chemical bonds","Molecular visualizations show quantum correlations","Molecules exhibit quantum behavior at fundamental level","Drug discovery and materials design"
Quantum Entanglement,Non-local Correlations,"Quantum entanglement creates correlations beyond classical physics","Molecular structure shows entanglement patterns","Quantum entanglement is fundamental to quantum systems","Quantum communication and quantum computing"
Experimental Design,Quantum Measurements,"How to measure quantum properties and correlations","All figures show proper quantum measurement techniques","Quantum experiments require careful measurement design","Quantum laboratory techniques and protocols"
Data Visualization,Scientific Communication,"Effective visualization of complex quantum phenomena","All figures use clear scientific visualization principles","Good visualization is crucial for understanding quantum concepts","Scientific communication and education"
Mathematical Modeling,Quantum Algorithms,"Mathematical representation of quantum processes","OTOC calculations show proper quantum algorithm implementation","Quantum algorithms require sophisticated mathematical modeling","Quantum software development and research"
Physical Interpretation,Quantum Mechanics,"Understanding the physical meaning of quantum phenomena","All visualizations connect mathematical results to physical reality","Quantum mechanics describes fundamental reality","Physics education and quantum technology development"
